-- Discount Codes
INSERT INTO DISCOUNT_CODE (DISCOUNT_CODE, RATE) VALUES ('H', 16.00);
INSERT INTO DISCOUNT_CODE (DISCOUNT_CODE, RATE) VALUES ('M', 11.00);
INSERT INTO DISCOUNT_CODE (DISCOUNT_CODE, RATE) VALUES ('L', 7.00);
INSERT INTO DISCOUNT_CODE (DISCOUNT_CODE, RATE) VALUES ('N', 0.00);

-- Micro Markets
INSERT INTO MICRO_MARKET (ZIP_CODE, RADIUS, AREA_LENGTH, AREA_WIDTH) VALUES ('95035', 2.5, 12.0, 8.0);
INSERT INTO MICRO_MARKET (ZIP_CODE, RADIUS, AREA_LENGTH, AREA_WIDTH) VALUES ('95051', 3.0, 15.0, 10.0);
INSERT INTO MICRO_MARKET (ZIP_CODE, RADIUS, AREA_LENGTH, AREA_WIDTH) VALUES ('95117', 1.8, 9.0, 6.0);

-- Customers
INSERT INTO CUSTOMER (CUSTOMER_ID, NAME, ADDRESSLINE1, ADDRESSLINE2, CITY, STATE, PHONE, FAX, EMAIL, CREDIT_LIMIT, DISCOUNT_CODE, ZIP) VALUES (1, 'JumboCom', '111 E. Las Olivas Blvd', 'Suite 51', 'Fort Lauderdale', 'FL', '305-555-0188', '305-555-0189', 'jumbocom@example.com', 100000, 'H', '95035');
INSERT INTO CUSTOMER (CUSTOMER_ID, NAME, ADDRESSLINE1, ADDRESSLINE2, CITY, STATE, PHONE, FAX, EMAIL, CREDIT_LIMIT, DISCOUNT_CODE, ZIP) VALUES (2, 'Livermore Enterprises', '9754 Main Street', 'P.O. Box 3', 'Livermore', 'CA', '408-555-4065', '408-555-4066', 'livermore@example.com', 50000, 'M', '95051');
INSERT INTO CUSTOMER (CUSTOMER_ID, NAME, ADDRESSLINE1, ADDRESSLINE2, CITY, STATE, PHONE, FAX, EMAIL, CREDIT_LIMIT, DISCOUNT_CODE, ZIP) VALUES (3, 'Nano Apple', '8585 Murray Ave', 'P.O. Box 144', 'San Jose', 'CA', '408-555-8602', '408-555-8603', 'nanoapple@example.com', 90000, 'L', '95117');
